{"apple_pie": 1.77, "baby_back_ribs": 18.8, "baklava": 6.58, "beef_carpaccio": 5.0, "beef_tartare": 17.45, "beet_salad": 1.32, "beignets": 5.46, "bibimbap": 5.5, "bread_pudding": 4.04, "breakfast_burrito": 8.13, "bruschetta": 4.29, "caesar_salad": 5.91, "cannoli": 6.32, "caprese_salad": 5.76, "carrot_cake": 2.35, "ceviche": 10.53, "cheesecake": 7.02, "cheese_plate": 11.5, "chicken_curry": 6.48, "chicken_quesadilla": 14.2, "chicken_wings": 17.0, "chocolate_cake": 3.03, "chocolate_mousse": 1.19, "churros": 6.05, "clam_chowder": 3.67, "club_sandwich": 15.98, "crab_cakes": 14.2, "creme_brulee": 4.06, "croque_madame": 15.0, "cup_cakes": 2.22, "deviled_eggs": 10.7, "donuts": 3.51, "dumplings": 9.21, "edamame": 11.8, "eggs_benedict": 13.81, "escargots": 19.99, "falafel": 8.28, "filet_mignon": 15.2, "fish_and_chips": "Unknown", "foie_gras": 8.93, "french_fries": 2.38, "french_onion_soup": 88.0, "french_toast": 7.02, "fried_calamari": 13.76, "fried_rice": 3.33, "frozen_yogurt": 104, "garlic_bread": 8.77, "gnocchi": 3.33, "greek_salad": 1.88, "grilled_cheese_sandwich": 11.5, "grilled_salmon": 18.1, "guacamole": 3.33, "gyoza": 3.33, "hamburger": 9.3, "hot_and_sour_soup": 2.58, "hot_dog": 19.3, "huevos_rancheros": 6.68, "hummus": 7.14, "ice_cream": 3.08, "lasagna": 5.53, "lobster_bisque": 4.19, "lobster_roll_sandwich": 20.91, "macaroni_and_cheese": 3.4, "macarons": 80.0, "miso_soup": 1.92, "mussels": 15.06, "nachos": 11.2, "omelette": 1.6, "onion_rings": 2.35, "oysters": 4.95, "pad_thai": 4.0, "paella": 13.3, "pancakes": 6.45, "panna_cotta": 3.0, "peking_duck": 5.32, "pho": 5.81, "pizza": 6.8, "pork_chop": 18.37, "poutine": 10.3, "prime_rib": "Unknown", "pulled_pork_sandwich": 13.2, "ramen": 12.7, "ravioli": 248, "red_velvet_cake": 31.2, "risotto": 12.9, "samosa": 5.14, "sashimi": 19.7, "scallops": 15.2, "seaweed_salad": 1.0, "shrimp_and_grits": 8.38, "spaghetti_bolognese": 6.09, "spaghetti_carbonara": 200, "spring_rolls": 3.71, "steak": "Unknown", "strawberry_shortcake": 2.96, "sushi": 2.92, "tacos": 9.17, "takoyaki": "Unknown", "tiramisu": 5.65, "tuna_tartare": 17.45, "waffles": 2.86}