{
  "project_info": {
    "project_number": "102622519531",
    "project_id": "nutritionapp-d2dc3",
    "storage_bucket": "nutritionapp-d2dc3.firebasestorage.app"
  },
  "client": [
    {
      "client_info": {
        "mobilesdk_app_id": "1:102622519531:android:0a9937ed40cf3a8bd7deae",
        "android_client_info": {
          "package_name": "com.example.nutrition_app"
        }
      },
      "oauth_client": [
        {
          "client_id": "102622519531-8rlmc27cm6nc70e2opth9oq53dn1jokm.apps.googleusercontent.com",
          "client_type": 1,
          "android_info": {
            "package_name": "com.example.nutrition_app",
            "certificate_hash": "22e1341e9f580f69b89a4ecfdb7b57d966889500"
          }
        },
        {
          "client_id": "102622519531-5k1uvtvrh4bibs1c13uel8fq7fe2k09m.apps.googleusercontent.com",
          "client_type": 3
        }
      ],
      "api_key": [
        {
          "current_key": "AIzaSyCMNTQDhpr0pQf6KOIf0eA6UYX4WBDRByc"
        }
      ],
      "services": {
        "appinvite_service": {
          "other_platform_oauth_client": [
            {
              "client_id": "102622519531-5k1uvtvrh4bibs1c13uel8fq7fe2k09m.apps.googleusercontent.com",
              "client_type": 3
            }
          ]
        }
      }
    }
  ],
  "configuration_version": "1"
}